1487.733325,0.000000,1487.733325
13622.121093,-13656.344677,19288.803307
25402.490110,-2784.632746,25554.660697
12537.611260,7643.867931,14684.018968
147.783777,-6296.552701,6298.286748
12099.019178,-19342.178897,22814.603865
22769.418849,-7833.123568,24079.124975
8888.648165,2517.609959,9238.312947
-3592.624236,-11413.299754,11965.381739
8310.490931,-23601.685918,25022.067015
18050.428507,-11187.394173,21236.189810
3355.485595,-738.264544,3435.741276
-8950.537944,-14533.627822,17068.639874
2983.313547,-25549.894341,25723.476836
12169.954130,-12082.083875,17148.893092
-3003.509462,-1524.565913,3368.288929
-14920.292404,-15012.268964,21165.617044
-2605.745210,-24891.608376,25027.626249
6231.849231,-10375.846208,12103.475921
-9128.365711,381.358083,9136.328285
-20319.282892,-12887.742309,24061.736410
-7257.577203,-21699.464633,22880.978830
1361.667232,-6282.267435,6428.142949
-13874.906014,4494.250144,14584.625510
-24106.351556,-8659.139494,25614.388185
-10158.777007,-16494.203520,19371.615835
-1378.430483,-472.387798,1457.127595
-16380.564304,10104.931743,19246.623923
-25436.276516,-3195.623075,25636.227683
-10455.735604,-10471.354439,14797.691401
-1607.221472,5976.975689,6189.297153
-16252.938426,15994.906872,22803.400038
-24122.777893,2290.488696,24231.276313
-8166.610527,-4573.577341,9360.082115
805.043850,11893.003345,11920.219132
-13545.030966,21101.819541,25074.980594
-20266.462313,6676.396386,21337.848143
-3568.172450,-150.529340,3571.346205
5326.559417,16180.586458,17034.776587
-8924.433900,24256.474336,25846.122875
-14798.439539,9034.945647,17338.513651
2508.603266,2103.277342,3273.662463
11073.843115,18145.767271,21257.913143
-3359.527399,24909.403927,25134.932431
-8564.233571,8741.993789,12237.996244
8965.034614,1774.991497,9139.061246
16768.233129,17296.559600,24090.342801
2050.702676,22939.555862,23031.035682
-2876.118611,5905.505429,6568.641612
14566.580336,-1205.368657,14616.366727
21476.230805,14095.579298,25688.788319
6017.713414,18610.911620,19559.624385
1247.407597,851.596784,1510.378362
18337.050115,-6001.672435,19294.234344
24114.764135,9090.794791,25771.387219
7844.789897,12718.672594,14943.405270
2943.004844,-5426.009221,6172.750892
19569.726886,-11827.415088,22866.174976
24103.731583,3417.555436,24344.805635
6986.839429,6487.426955,9534.287267
1968.985910,-11780.032797,11943.453362
18174.385965,-17417.181227,25172.733405
21430.581647,-1752.905211,21502.151204
3549.772302,1007.251874,3689.910532
-1398.956711,-17025.269190,17082.648239
14394.976113,-21670.376581,26015.775184
16592.391006,-5371.628438,17440.235990
-1885.774039,-2607.268169,3217.761805
-6537.573959,-20240.785784,21270.385103
9128.915866,-23645.297441,25346.344824
10461.901300,-6596.945154,12368.147161
-8242.426826,-3789.609939,9071.865490
-12388.739285,-20841.899524,24245.940626
3371.920519,-22932.368414,23178.942362
4296.297734,-5156.328313,6711.623939
-14419.827192,-2265.065593,14596.641339
-17782.115686,-18836.301465,25903.858615
-1554.827512,-19664.769190,19726.140928
-940.191705,-1206.367094,1529.471152
-19285.763442,1613.171129,19353.113255
-21490.104489,-14574.340624,25966.054679
-4719.559381,-14420.229771,15172.912291
-4104.158714,4561.608915,6136.154712
-21901.333579,6927.463148,22970.811004
-22907.676024,-9003.126838,24613.368597
-5390.471994,-8089.585031,9721.037716
-4690.694098,11014.711065,11971.903398
-21875.975489,12811.374166,25351.323666
-21513.145538,-3284.941187,21762.496859
-3327.484019,-1889.550967,3826.558866
-2560.382837,16952.104528,17144.369577
-19221.538195,17850.013060,26231.479120
-17669.564144,1422.919830,17726.765015
1107.842725,2934.861209,3136.993117
1725.298074,21367.610732,21437.150973
-14515.720731,21140.073062,25643.884991
-11981.059575,4023.757769,12638.687238
7159.470539,5621.884595,9102.944842
7290.605228,23379.587006,24489.957395
-8729.184376,21812.648983,23494.474149
-5499.878103,4055.715931,6833.556238
13538.574814,5619.831897,14658.632902
13076.250431,22658.137201,26160.648057
-3108.277587,19797.774634,20040.291166
519.515682,1448.983370,1539.301579
19275.173668,2971.660036,19502.899357
17792.411881,19397.128059,26321.445581
1166.921944,15377.210665,15421.423885
5070.297096,-3371.655354,6089.004226
23183.177220,-1703.895212,23245.708526
20465.688808,14282.440991,24956.613133
3415.180495,9329.691554,9935.119642
7130.131904,-9651.113907,11999.282504
24575.929300,-7456.059608,25682.077911
20485.113199,8353.121259,22122.714516
2856.559840,2734.762808,3954.600073
6505.487679,-16003.396118,17275.128284
23164.906607,-13099.221319,26612.074276
17824.719513,2867.914151,18053.962371
-327.857913,-3096.832922,3114.139521
3405.656212,-21416.952235,21686.040148
19293.864725,-17437.616382,26006.223892
12871.037342,-1165.108464,12923.663567
-5634.414045,-7155.625807,9107.667227
-1643.983057,-24745.097498,24799.647790
13765.416961,-19568.099761,23924.824605
6530.717935,-2732.156362,7079.191701
-12038.307394,-8683.197741,14843.138749
-7538.105882,-25453.211084,26545.978882
7795.917449,-18872.023853,20418.854355
-78.997116,-1580.978773,1582.951176
-18309.089067,-7496.944864,19784.512244
-12935.499423,-23341.748433,26686.407875
2424.278748,-15571.923742,15759.503053
-5689.487746,2121.612136,6072.191438
-23262.377980,-3774.629533,23566.630166
-16851.780996,-18954.098025,25362.183555
-1113.251949,-10120.326309,10181.371936
-9246.268826,7762.451760,12072.661038
-26023.069017,1550.324368,26069.208402
-18306.253313,-13120.627045,22522.650031
-2141.977685,-3554.734017,4150.205095
-10205.501605,14224.796338,17507.058401
-26015.445315,7456.269540,27062.877719
-17003.462705,-7080.030737,18418.593301
-432.487589,3009.459586,3040.377035
-8382.553478,20323.731554,21984.568840
-23276.985076,12657.549524,26495.878815
-13098.358786,-1953.676766,13243.256993
3823.770730,8339.417160,9174.262977
-4221.988443,24839.361913,25195.616417
-18345.306378,16099.891884,24408.129481
-7178.940580,1156.506306,7271.498792
9792.616125,11382.454521,15015.179036
1391.487758,26911.822187,26947.771923
-12242.505604,16908.985746,20875.649509
-459.298074,1603.658677,1668.135448
16277.625023,11717.842252,20056.642377
7282.373758,26246.193975,27237.761761
-6174.748692,14957.134119,16181.575401
6070.492740,-697.577359,6110.441578
22117.705186,9255.780154,23976.287222
12238.417783,22830.508479,25903.879772
-1307.102745,10413.134008,10494.850044
10939.661201,-5436.003076,12215.822388
26201.619471,4583.765490,26599.544526
15114.163116,17436.217139,23075.086020
1234.668239,4044.226488,4228.495424
13454.989086,-11618.529578,17777.147152
27572.876563,-1212.839570,27599.538072
15285.659796,11066.506859,18871.114685
1140.613778,-2824.842312,3046.429694
13058.088281,-18126.106830,22339.861646
26127.604479,-7072.595547,27067.939034
12612.473415,5098.855400,13604.146869
-1809.927480,-9090.453431,9268.882406
10031.459957,-23609.769004,25652.512183
22092.381352,-11647.219726,24974.607928
7573.753961,607.930216,7598.113463
-6991.288935,-13570.596794,15265.622107
4964.864345,-27113.898444,27564.712348
16282.934568,-13975.090521,21457.798424
870.699667,-1479.608853,1716.787776
-13396.474936,-15443.691880,20444.391886
-1071.968258,-27844.362792,27864.989776
9761.501737,-13421.250027,16595.688249
-6089.058820,-706.770054,6129.939741
-19767.375821,-14389.921484,24450.337158
-6754.514524,-25711.819700,26584.227255
3847.690292,-10102.116351,10810.063615
-12083.301924,2832.176243,12410.777883
-24940.992018,-10796.368267,27177.465860
-10907.545303,-21044.135141,23702.956954
-291.343322,-4476.010253,4485.481994
-16058.381167,8424.667191,18134.128680
-27806.192897,-5316.942532,28309.967172
-12592.623498,-14778.568047,19415.978988
-1759.058433,2437.335069,3005.809177
-17305.068378,14959.546993,22874.733612
-27763.943701,816.282413,27775.940791
-11420.518827,-8164.022221,14038.500956
-324.366656,9381.790729,9387.396392
-15630.574369,21172.766389,26317.311635
-24875.200563,6360.757811,25675.568990
-7446.339748,-2468.598358,7844.867972
3744.463340,15077.702766,15535.704889
-11413.740039,25880.804766,28285.853655
-19654.943602,10100.952503,22098.553108
-1367.644856,1146.436943,1784.592423
9744.645806,18554.339373,20957.615119
-5644.264987,28101.488516,28662.717667
-13080.052602,11116.535898,17165.813306
5830.016250,2075.888518,6188.570321
16282.631115,19125.561421,25117.945292
575.319530,27367.767716,27373.814172
-6349.969367,9258.586305,11226.911032
12689.864125,36.084097,12689.915428
22346.898273,16752.113564,27928.787501
5902.211154,23730.596861,24453.574869
-949.370189,4654.297559,4750.135738
18104.766979,-4581.319251,18675.413608
26548.607867,11960.462093,29118.400250
9082.899910,17931.597289,20100.777401
2248.336155,-1937.614439,2968.057476
20876.044093,-10813.240985,23510.325340
28108.811050,5887.447312,28718.762064
9511.867514,10984.035223,14530.129159
2519.014553,-9264.587262,9600.938051
20701.619578,-17485.386395,27097.892732
26536.833762,-357.383602,26539.240177
6893.465060,4394.483540,8175.044105
-135.063036,-15982.119070,15982.689760
17686.772140,-23224.060552,29192.103338
22190.320863,-5390.208692,22835.601366
1683.682792,-720.778237,1831.477275
-5286.989482,-20886.628623,21545.382638
12466.029397,-26863.400651,29614.931765
15904.393036,-8024.566287,17814.134330
-5269.713069,-3489.262202,6320.191971
-11768.573929,-23051.030484,25881.447771
5949.637181,-27702.615092,28334.308983
8813.208537,-7742.983503,11731.429506
-12718.326505,-3065.652293,13082.585871
-18476.104426,-22226.036071,28902.648913
-174.859561,-25305.498241,25306.102369
2166.128415,-4404.670481,4908.485954
-19176.135669,278.267808,19178.154556
-23815.643813,-18489.185286,30150.205020
-4789.497391,-20313.235886,20870.238078
-2627.812271,1364.383920,2960.902027
-23592.450189,5887.711333,24316.020453
-26840.645683,-12754.529255,29716.969516
-6867.092887,-13480.052905,15128.410063
-4716.888636,8613.125126,9820.130490
-25113.373715,12614.422354,28103.472929
-26864.611281,-6072.869676,27542.459683
-5845.857613,-6193.438617,8516.615122
-3664.997780,16113.192069,16524.744095
-23458.657759,19111.482602,30258.178912
-23682.491545,-59.042002,23682.565143
-1909.818236,269.049164,1928.676527
251.878394,22256.991793,22258.416979
-19069.394634,24097.411256,30729.904668
-18070.961568,4181.765076,18548.498892
4421.190413,4695.991844,6449.749148
6324.065023,26147.845150,26901.739802
-12834.864673,26430.941994,29382.451325
-10797.036619,5706.061141,12212.089645
12040.229701,6129.261875,13510.550780
13213.663443,26863.388580,29937.310293
-6055.976971,25598.764804,26305.353382
-3334.886658,4033.193071,5233.365587
19377.755606,4359.539935,19862.099606
19589.788976,24436.210940,31319.135321
-141.973799,21769.853987,21770.316929
2941.992425,-692.189643,3022.324590
25218.355737,-224.060254,25219.351084
24040.095914,19376.736713,30876.919167
3658.771200,15421.098304,15849.191764
6756.869902,-7514.781428,10105.801838
28438.804999,-6634.574069,29202.452001
25695.362073,12725.209060,28673.726261
4501.835113,7830.156949,9032.047234
7548.954016,-15316.858130,17076.090001
28436.277808,-13637.343338,31537.264132
24125.520902,5782.811230,24808.902928
1986.226627,301.629667,2008.998922
5123.761721,-22548.856681,23123.664757
25229.455715,-19826.481807,32087.611574
19434.025821,112.655321,19434.352339
-3355.261685,-5672.180855,6590.251636
-72.788538,-27998.731624,27998.826239
19502.882745,-23760.751430,30739.807155
12492.709871,-3115.433970,12875.314704
-10694.654774,-9021.587778,13991.593433
-6865.045254,-30491.272300,31254.544195
12494.066113,-24639.583399,27626.269348
4490.477083,-3242.157235,5538.588987
-18582.894288,-9075.726666,20680.734384
-13921.282859,-29712.946364,32812.517399
5484.047416,-22169.726291,22837.940798
-3029.919237,15.220825,3029.957468
-25594.665318,-5917.265407,26269.772032
-19774.263916,-25690.688619,32419.639035
120.082122,-16729.729127,16730.160082
-8665.317932,5917.996231,10493.350954
-30566.747289,-94.195259,30566.892426
-23132.483574,-19383.973354,30180.295215
-2601.438261,-9183.774727,9545.113895
-11361.696354,13742.805483,17831.232335
-32313.700688,6974.961207,33057.908827
-23229.677980,-12011.790647,26151.501938
-1954.810302,-934.744905,2166.802104
-10733.904059,21773.646653,24275.674757
-30598.785728,13972.370447,33637.967001
-19968.962689,-5048.147257,20597.166349
1986.539872,6527.951231,6823.524598
-6799.079533,28598.926824,29396.021805
-25872.620723,19484.314914,32388.748521
-13644.221692,17.240707,13644.232584
8600.892567,11756.415842,14566.697169
-544.650214,32924.198089,32928.702733
-18898.236622,22245.379873,29189.043717
-5505.663967,2158.863106,5913.799593
16759.939489,13791.952126,21705.149507
6916.926280,33847.760915,34547.283368
-11247.488193,21440.288091,24211.401118
2929.824081,788.819914,3034.156555
24836.443805,12338.870073,27732.591937
13892.769117,31297.651295,34242.546785
-4360.403440,17241.254722,17784.093526
10258.089895,-3991.949725,11007.455242
31288.459988,7752.876034,32234.683421
18960.359749,25676.506833,31918.305797
350.297413,10223.280173,10229.279827
15011.921543,-11248.705847,18758.762529
34946.956420,798.473246,34956.077047
20908.811197,18193.559527,27716.132377
1746.546280,1583.159102,2357.290107
16304.042455,-19681.640297,25557.557887
35056.178744,-6746.067591,35699.371088
19312.810617,10245.147635,21862.015095
-416.243970,-7057.298022,7069.562534
14054.983938,-27730.182972,31088.673518
31583.371936,-13618.673386,34394.442104
14168.774029,3445.437706,14581.673377
-5986.563340,-14147.093956,15361.614760
8700.388626,-33760.685978,34863.744492
25140.703861,-18171.256512,31020.147547
6370.178604,-774.813573,6417.126422
-13798.242008,-18283.426604,22905.789026
1236.624251,-36685.708178,36706.544703
17171.501638,-19342.454805,25864.860843
-2705.827776,-1420.492917,3056.027500
-22457.509779,-18940.186388,29378.059941
-6600.286502,-35929.285537,36530.498779
8948.823750,-16735.779230,18978.086124
-11452.589503,1656.403125,11571.753438
-30357.993392,-15817.807396,34231.722037
-13124.532811,-31466.676790,34094.062675
2298.227724,-10722.657146,10966.185615
-18178.792737,7888.034366,19816.397037
-35953.622740,-9708.108094,37241.245292
-17149.227279,-24214.417695,29672.108462
-1386.971763,-2235.057789,2630.432282
-21745.911938,16289.550201,27170.464328
-38150.137043,-1720.419005,38188.909358
-17392.384323,-15584.719977,23353.340858
-1233.146799,7205.504115,7310.262689
-21499.584042,25198.833354,33124.210426
-36341.980801,6162.698998,36860.797976
-13936.232574,-7315.098435,15739.416872
2655.976522,16074.088273,16292.038703
-17486.652976,32882.421956,37242.941693
-30901.702221,12569.874196,33360.409731
-6967.902568,-987.038536,7037.464832
9742.288061,22456.879029,24479.043943
-10611.669993,37918.125684,39375.014862
-22833.572265,15912.629860,27831.345843
2309.830752,2033.852141,3077.640758
18652.969159,25301.483479,31434.031315
-2255.355887,39138.663461,39203.591771
-13790.746969,15365.427226,20646.574917
12208.323302,1120.989299,12259.680863
27767.888656,24161.476416,36808.050519
5778.499489,36262.958940,36720.474499
-5404.679683,10779.452680,12058.489232
20939.610012,-3642.754661,21254.103815
35195.336054,19150.320245,40068.022730
11800.897974,29934.535631,32176.662606
630.155806,2840.149469,2909.217308
26907.550082,-11543.291415,29279.068088
39573.275232,11549.367691,41224.167750
14411.190028,21004.892704,25473.278461
3050.177238,-7129.648445,7754.706192
28917.171732,-21031.522067,35756.506281
39837.662214,2729.688795,39931.072257
12889.576390,11479.000999,17260.030227
1149.506980,-17387.874575,17425.829924
26771.000139,-30229.117196,40379.276552
35935.091275,-5309.976203,36325.289156
7179.467415,3059.784894,7804.295994
-4623.979436,-25999.808336,26407.787096
20955.592759,-37353.077026,42829.770385
28449.195295,-10926.701108,30475.391876
-1780.212193,-2578.225847,3133.114101
-13291.364341,-31511.996059,34200.383940
12436.243794,-40918.009647,42766.151021
18709.607111,-12655.739848,22587.986837
-12447.449737,-4157.861746,13123.521603
-23208.810037,-32691.927830,40092.530583
3284.480930,-40104.622226,40238.893360
8661.748271,-10060.698662,13275.674773
-22862.623000,-1410.446218,22906.088470
-32585.839646,-29532.186855,43977.119118
-4799.629704,-34978.858893,35306.614320
296.145054,-3237.674757,3251.190509
-31443.298305,5430.642677,31908.821479
-39212.876106,-22572.773278,45245.770476
-9835.665284,-26449.799285,28219.358493
-4919.593865,6784.879278,8380.751196
-36258.768563,14953.624399,39221.284787
-41867.851413,-13371.381703,43951.232413
-10767.973805,-15860.090527,19170.073850
-5597.059898,18156.750706,18999.859887
-36572.633566,25305.782194,44474.038926
-39970.566890,-3757.914095,40146.832202
-6996.871759,-5301.313078,8778.390215
-1761.008631,28983.143368,29036.593307
-32152.472058,34637.340285,47260.203147
-33539.332813,4236.871954,33805.886019
1159.079764,2987.809207,3204.757363
6146.200103,37179.245363,37683.843507
-24230.539400,40765.923961,47423.407681
-23692.176925,8734.860501,25251.079886
12201.268141,7558.305034,14352.662444
16516.885242,41264.376679,44447.230294
-14158.878690,42469.895665,44767.911315
-12284.910618,8599.117811,14995.461181
24326.015817,7311.546337,25401.058154
27360.752409,40443.254094,48828.962452
-4143.511323,39264.104364,39482.129851
-1473.357536,3449.891059,3751.337195
35406.671438,2294.350011,35480.930431
36533.060961,34939.964750,50551.614019
3598.432156,31377.876610,31583.537714
6800.228548,-5935.642371,9026.348025
43222.325611,-6656.041410,43731.822721
42122.378111,25785.168055,49387.950244
7421.959068,20337.144184,21649.131853
10757.256019,-18187.854894,21130.939938
46426.332288,-17940.226506,49772.040915
42734.796338,14892.322356,45255.321048
6141.750421,8047.794735,10123.640566
9510.598314,-31051.838410,32475.654712
44473.957460,-29346.125222,53283.467959
38049.099413,4537.739384,38318.729687
-471.993099,-3322.516582,3355.874540
3146.374593,-42240.674566,42357.694235
37611.128320,-38333.027380,53703.053560
28647.163726,-3080.437656,28812.307886
-11288.348694,-11268.432643,15950.059263
-7155.524761,-49810.486069,50321.824858
27220.392462,-43115.511431,50989.186027
16197.543799,-5956.914205,17258.193763
-24715.354845,-14489.315592,28649.415900
-19363.226198,-52107.359970,55588.771274
15469.068253,-42518.104150,45244.682042
2791.765981,-3384.844080,4387.610596
-38470.372867,-12013.802724,40302.618332
-31175.491880,-48737.788338,57855.711092
4782.070437,-36064.510530,36380.174786
-8920.379086,4721.960224,10093.070465
-49871.129039,-4231.221373,50050.302156
-39948.686915,-40272.311260,56725.273384
-2528.442818,-25035.244242,25162.600767
-16578.965682,17291.425537,23955.281259
-56881.943305,7362.864011,57356.492576
-43854.947141,-28592.562380,52352.564523
-4610.463272,-11050.730849,11973.931012
-18864.679060,32177.053010,37299.314423
-58101.118004,20716.415005,61683.950619
-41756.207091,-15902.605297,44681.916766
-409.695257,3458.919481,3483.098359
-15079.656748,46762.728144,49133.988146
-53194.017999,32956.879136,62576.029222
-33564.368253,-4724.020896,33895.179445
9718.681339,15527.398263,18318.102079
-5695.750815,58451.453901,58728.306978
-43129.995562,41461.812732,59827.071065
-20366.660991,2105.470672,20475.201750
24103.890758,23023.874000,33333.111521
7484.926399,64825.407990,65256.092775
-29775.007770,44360.560985,53426.683021
-4544.066747,2923.315495,5403.176481
40534.021955,24225.313029,47221.528217
22019.779636,64756.362383,68397.786253
-15957.154131,40469.788190,43502.120915
11137.713781,-3066.277968,11552.087640
56111.158401,18738.730053,59157.434876
34758.035781,58197.055308,67786.564288
-4479.331979,30095.441050,30426.961514
23757.874826,-15366.932898,28294.509060
68034.570935,7558.363432,68453.135064
43060.838205,46126.877463,63102.492910
1813.155367,14606.133590,14718.242790
30890.255187,-32019.547191,44491.114482
74107.209727,-7573.732917,74493.220925
44512.086421,30837.351452,54150.420886
1080.807653,-3298.656108,3471.206894
31005.933817,-50578.467047,59325.789170
72503.087703,-23345.532845,76168.967633
38554.333336,15729.733333,41639.658136
-6971.802579,-20730.648190,21871.575288
23486.134130,-67643.216190,71604.491430
63659.497995,-36695.300607,73478.410241
25467.651178,3908.938491,25765.889402
-22205.848741,-34100.711214,40693.466597
9964.064239,-79844.437125,80463.760265
49305.332260,-44379.709884,66336.825660
6918.487116,-1678.654224,7119.223551
-41631.211255,-40920.356556,58374.937526
-7309.263136,-84983.610543,85297.358626
31903.285704,-44410.245208,54681.711003
-13810.438258,731.293377,13829.786509
-62753.792849,-39526.054779,74164.327835
-24865.126483,-81667.422435,85368.860846
15097.103680,-35756.404139,38812.922802
-33179.886527,11821.343209,35222.848057
-81579.634678,-29759.083462,86838.009206
-38892.020893,-70360.757734,80394.188335
2703.390608,-19112.783373,19303.025904
-47553.258533,30349.325880,56412.711143
-94617.265613,-13254.331011,95541.112840
-46205.474081,-53015.033070,70324.530332
-2021.395289,3370.156767,3929.884928
-54091.446652,54042.248288,76462.076881
-98929.328272,6802.307950,99162.913359
-44066.899873,-32714.522163,54882.890091
2875.702600,27875.067203,28023.009064
-50979.254882,78744.775725,93806.311794
-93562.401862,26574.507293,97263.186664
-31730.145089,-13726.614186,34571.983518
17875.320479,50246.511853,53331.407591
-38363.977835,100207.736982,107300.444297
-78957.841161,41870.647730,89372.768907
-10186.943877,-695.920780,10210.687112
41670.622326,66587.704454,78551.659114
-18069.644510,114323.697074,115742.903736
-57435.710655,48253.227612,75014.897410
17807.798148,2842.738047,18033.270210
70809.281523,72977.691763,101684.304811
6015.193489,118212.675569,118365.616704
-33226.640606,43296.708393,54576.685532
48225.127046,-5380.691711,48524.372452
101144.246937,67735.157699,121730.071375
29283.261760,110184.934830,114009.777137
-11307.325658,25558.920465,27948.417288
75595.306114,-26296.521887,80038.474310
127084.458410,51217.883971,137017.266094
46112.216261,91106.704397,102111.547215
2929.092076,-3396.052489,4484.724395
95177.922715,-57808.259151,111358.124079
144089.334483,25423.475888,146315.034901
51507.742303,64087.677505,82220.909294
5039.098734,-40749.191580,41059.580252
102481.438955,-96498.383297,140763.572380
148042.679156,-4707.943558,148117.519505
41993.273233,33565.055947,53759.166452
-8735.247935,-81112.033389,81581.042633
95282.222966,-136756.891485,166676.781173
136859.730685,-33439.702637,140885.767896
15764.341783,6333.614029,16989.088808
-39441.264236,-118419.692840,124815.211320
73042.340321,-172276.883574,187121.639832
111234.226219,-53600.819747,123475.102592
-27041.189699,-10230.800317,28911.852508
-85543.663434,-145687.190830,168945.186157
38755.467180,-196375.156522,200162.904494
74894.917264,-57864.583724,94644.380084
-82384.364359,-9840.932898,82970.039479
-143663.908122,-157760.293597,213372.042997
-2349.438706,-203839.731835,203853.271097
33077.675581,-40124.729258,52001.216523
-145216.700065,14269.443806,145916.095769
-207486.015814,-150080.111443,256075.158126
-42206.297000,-190739.613009,195353.452688
-4906.198947,4331.285364,6544.526034
-208796.994581,66277.313047,219063.614439
-269906.407901,-120716.549700,295672.038579
-70556.756693,-156141.208285,171342.735007
-28464.939505,79586.486046,84523.733603
-265296.024304,149797.248422,304665.712127
-323200.616117,-70716.171489,330846.513007
-74638.099404,-101198.840636,125745.978977
-23739.299176,189448.434231,190929.996486
-306684.835997,269101.899309,408009.094068
-360237.640618,-3800.053433,360257.682949
-36392.866609,-31079.602166,47857.939894
28797.744306,341698.463589,342909.827937
-327741.506168,434510.342767,544255.209287
-375190.165231,73904.341827,382399.675505
75361.769618,48100.783661,89404.036312
168139.474196,563142.314960,587707.537540
-322837.616041,683541.236572,755944.937430
-363562.926424,153509.137210,394642.948343
350197.833713,125967.695767,372164.457081
523299.312984,967721.491404,1100148.651726
-289003.192881,1194878.633737,1229332.255681
-320981.668824,221429.434689,389949.004702
1340643.732270,185358.348120,1353396.961018
2232052.547663,2649290.571275,3464216.954316
-173513.468752,5114262.433261,5117205.014468
11132726.752418,-11508937.670806,16012284.385887
-5308353.336785,361322.103208,5320636.128361
-2717909.980755,-2139094.276934,3458722.161305
-216129.014361,-1272307.345750,1290533.894517
-233869.547119,373279.170925,440490.981198
-1192962.582098,333251.463552,1238634.837329
-961180.220467,-480908.075333,1074774.391739
-121478.485533,-315491.219713,338070.602335
-143820.506102,386074.689251,411992.722819
-664340.069314,342477.058129,747421.074790
-543688.367843,-145323.179586,562775.148574
-35091.823671,-57907.790224,67710.769137
-58632.067034,380989.472935,385474.639597
-411540.113554,332111.072265,528831.759055
-320399.551580,-19497.955919,320992.278627
44093.035499,41388.585324,60474.877219
17829.782401,354554.686419,355002.713795
-247955.792904,300620.385250,389685.374709
-171207.802084,23559.481281,172821.181146
110108.535585,70612.056033,130805.015446
79929.490755,309721.301630,319868.735853
-133956.481253,252291.393681,285648.886214
-67751.839941,22554.703630,71407.467895
158477.492952,61665.162755,170052.074583
123329.516847,252616.632645,281114.447894
-57179.581342,193172.529323,201457.515639
555.905808,-3070.583460,3120.499006
186195.108568,32028.584028,188929.745274
145845.348653,189767.480695,239337.758101
-11970.752514,130147.240698,130696.607366
38628.381032,-39535.511928,55273.940737
192908.083422,-5763.906360,192994.174177
148177.263092,128354.374186,196039.145760
6870.337879,70864.860525,71197.120727
51421.409877,-77392.786535,92918.269471
181177.756737,-42641.326554,186128.080274
132823.988197,75130.440219,152600.114313
4620.161038,20519.484556,21033.191257
44588.543246,-108544.742142,117346.066127
155334.981831,-71646.122546,171061.753341
104336.629103,34509.192445,109895.480052
-12251.342503,-16115.621409,20243.731043
24901.806895,-128212.614182,130608.477604
120915.494960,-88580.650519,149890.255080
69186.322804,9074.657407,69778.912790
-37043.967070,-37473.478730,52692.666514
-1071.400931,-134599.060920,134603.324998
84048.698776,-91817.532387,124477.479970
32866.767789,-1094.839001,32884.998059
-63025.565219,-43665.174363,76673.785112
-27011.180151,-128099.613010,130916.441696
50082.901957,-82556.404380,96560.121026
767.699933,2334.089245,2457.099060
-85055.216934,-37198.628989,92833.872732
-47744.636279,-110783.798123,120634.158595
23434.808230,-63671.301449,67847.069686
-23224.168625,15713.830079,28040.799990
-99303.184234,-21428.240489,101588.837426
-59814.294838,-86655.073684,105294.119789
6994.775401,-38830.953831,39455.922982
-36557.017808,34503.425341,50268.299268
-103569.363442,-1461.597870,103579.676154
-61995.213703,-60253.819853,86451.890257
1386.494550,-12971.493781,13045.383017
-39193.040302,54295.981402,66963.781289
-98105.799581,18122.116651,99765.520213
-54585.257905,-35900.333958,65332.873493
5304.707318,10038.589672,11353.994995
-32600.764588,70828.050800,77970.652375
-84370.477579,33744.639764,90868.466476
-39953.045326,-16899.660147,43380.229874
16959.862291,26881.457281,31784.425030
-19480.416188,80974.686446,83284.971393
-65691.168995,42447.426491,78211.979260
-20785.594104,-5545.862442,21512.729080
32152.889335,35720.580853,48060.047743
-3374.694844,83499.731485,83567.898881
-45115.148560,43464.163221,62645.910594
-855.965001,-2501.370907,2643.772399
47878.031790,36164.936246,60001.737823
12204.629483,78283.928672,79229.580771
-26413.221753,36858.091540,45345.090091
16596.789065,-7044.040320,18029.750727
60568.248954,29671.002129,67445.393828
24207.026509,66590.200728,70853.616460
-12254.061527,24474.938027,27371.237008
28843.790683,-16897.836069,33429.046124
68077.806396,18296.080787,70493.505345
30737.136354,51125.365788,59653.789303
-4138.919949,8865.070930,9783.667050
34772.216090,-29945.865726,45889.670798
69056.562310,4792.138298,69222.636381
30544.041626,34423.337082,46020.697677
-2794.775410,-7041.381205,7575.738833
33931.512126,-42513.515927,54394.361396
63947.601815,-8060.449648,64453.600570
24472.574030,19496.086051,31289.043625
-7553.563205,-20766.889221,22097.963821
27492.359561,-52623.042159,59371.831707
53506.471451,-17580.333317,56320.605525
13575.160015,8610.837974,16075.804802
-16519.228461,-29937.960667,34193.075290
17282.933885,-57856.443315,60382.678284
40309.960851,-22111.892269,45976.393111
652.299254,2818.931514,2893.418255
-27545.847427,-33725.006019,43544.801543
5697.234024,-57957.157140,58236.505212
26437.526055,-21258.614268,33924.496525
-12559.406583,2722.845550,12851.170437
-38093.178732,-32002.153236,49751.664069
-4839.268749,-52660.710047,52882.595480
14251.492061,-15371.026910,20961.237898
-23429.718105,7541.729725,24613.601478
-45909.085265,-25721.597547,52623.613429
-12388.842614,-43313.564171,45050.507905
5679.579967,-5916.341523,8201.263660
-30404.807379,15608.273993,34177.046812
-49799.755639,-16468.843764,52452.249491
-15628.558753,-31762.388407,35399.169002
1642.747557,5359.622895,5605.727170
-32633.954598,25174.541945,41215.683360
-48947.562631,-6445.930432,49370.172237
-14195.351414,-20016.465827,24539.089347
2422.492240,16364.380771,16542.715214
-30319.948674,33937.428974,45508.772483
-43720.722381,2447.893446,43789.196702
-8438.497031,-9930.714063,13031.780920
7159.205200,25075.109210,26077.103385
-24178.319430,40185.255340,46898.250257
-35159.822789,8430.150206,36156.335144
28.768707,-3174.135992,3174.266362
14577.622215,30407.971604,33721.681549
-15746.285624,42752.544833,45560.131701
-24953.260866,10536.470772,27086.573135
9797.114952,-502.566542,9809.996662
22816.635056,31570.571618,38952.533006
-7058.819049,41296.175673,41895.119663
-14695.633312,8657.584026,17056.242248
19054.793640,-1848.490814,19144.244016
30100.143956,28623.390990,41536.937513
377.704044,36077.353150,36079.330241
-6418.129428,3328.709649,7229.985704
26114.620133,-6483.684419,26907.462688
35112.530603,22738.703304,41832.265457
5164.634350,28226.622493,28695.220252
-1079.988593,-4411.426970,4541.702685
30022.935356,-13272.978032,32826.035296
36693.776587,15225.419290,39727.152336
6461.378769,19136.952616,20198.325946
716.599666,-13032.270693,13051.957497
30271.266698,-20305.631369,36450.901948
34749.175077,7480.541825,35545.234203
4417.047524,10339.739183,11243.687794
-1043.236371,-20873.297204,20899.351145
27116.219579,-26578.699316,37969.943660
29584.057633,1155.161387,29606.601694
-807.748251,3344.724117,3440.877309
-5553.015659,-26572.178948,27146.209255
21454.756225,-30375.847044,37188.689790
22267.656456,-2718.849638,22433.026265
-7768.326177,-823.652209,7811.868826
-11632.254772,-29346.914948,31568.192347
14437.808650,-31306.843901,34475.626081
14137.682001,-3378.749774,14535.817913
-15309.963221,-1818.209123,15417.550332
-17979.012527,-28816.308839,33965.048896
7685.604827,-28977.109862,29979.016286
6631.451344,-964.001002,6701.152502
-21889.859048,175.439160,21890.562076
-23182.359208,-25572.419540,34516.234145
2311.735187,-23926.718108,24038.135514
736.316207,3861.009917,3930.592721
-26430.235679,4552.538918,26819.451311
-26217.723442,-20163.087453,33074.448115
-699.369248,-17273.663233,17287.815329
-2601.543444,10199.754829,10526.301671
-28436.334303,10225.029576,30218.807693
-26470.187785,-13776.513559,29840.629471
-806.828241,-9877.278842,9910.177048
-2919.119744,16798.835282,17050.575560
-27468.728290,15695.053370,31636.462099
-23869.005378,-7762.379948,25099.481274
1668.074677,-3299.634975,3697.304978
-666.994730,22419.949625,22429.868995
-23966.991382,20049.429521,31247.340687
-19045.740676,-3255.014089,19321.887967
6328.240457,1580.791412,6522.693368
3458.802779,26106.858659,26334.984066
-18769.768027,22226.958729,29091.955695
-12825.949226,-916.285553,12858.637282
12016.272788,4090.118397,12693.300604
8538.989719,27228.682702,28536.213959
-12962.888426,22085.673409,25608.854841
-6334.186655,-1202.437178,6447.307636
17817.704285,3998.064559,18260.753167
13393.188038,25928.020363,29182.866990
-7719.776578,19267.130786,20756.138349
-588.362585,-3690.935843,3737.536345
22511.191431,1606.667626,22568.454101
17021.776443,22457.573294,28179.486715
-3905.086457,14682.828974,15193.260575
3552.415992,-8073.131318,8820.153551
25429.126123,-2293.825002,25532.373343
18596.162855,17488.067446,25527.431832
-2110.542645,8970.974948,9215.898316
5399.866599,-13194.550625,14256.743158
26033.604333,-6945.107741,26944.073116
18044.423425,12286.542568,21830.262138
-2666.043099,3081.819360,4074.971948
4989.333286,-18274.549810,18943.405645
24388.637196,-11140.119981,26812.457878
15224.499643,7620.861347,17025.360996
-5178.032546,-1928.264515,5525.416282
2616.980018,-22254.834304,22408.173382
20869.031000,-14184.164856,25233.053473
10796.278867,4334.510980,11633.899725
-9263.487341,-5336.265917,10690.553384
-1121.831883,-24446.541469,24472.267909
16245.708844,-15317.831667,22328.435298
5544.516901,3024.211163,6315.656801
-13923.167904,-6669.120988,15437.997902
-5249.014020,-24628.217186,25181.366721
11474.403235,-14388.319295,18403.414404
304.011469,3637.345692,3650.028309
-18343.805115,-5987.617007,19296.288336
-9022.506883,-22789.584933,24510.626509
7259.601375,-11626.891583,13707.166739
-4087.846573,6295.904516,7506.590656
-21650.905959,-3581.501797,21945.133491
-11506.037470,-19307.302047,22475.782759
4517.507087,-7383.092972,8655.514549
-6859.731758,9955.481991,12089.976901
-23380.784120,-47.619266,23380.832612
-12313.320242,-15002.575466,19408.635346
3486.384939,-2462.671421,4268.445908
-7763.057395,14250.766722,16228.044006
-23107.142341,3802.308118,23417.890046
-11150.915874,-10614.985131,15395.480966
4487.998127,2163.886448,4982.422278
-6902.840188,18127.538654,19397.341578
-21087.696592,6980.341543,22212.971787
-8316.899688,-6936.801608,10830.052491
6931.120280,5944.174966,9130.916950
-4474.607656,20847.107791,21321.914007
-17768.733167,9003.621435,19919.665592
-4367.812907,-4581.930608,6330.235200
10445.248722,8305.331136,13344.727279
-1195.911565,22014.858061,22047.316842
-13692.918057,9411.343346,16615.335943
107.125560,-3887.616930,3889.092604
14156.504104,8836.386770,16687.969906
2238.573897,21492.824735,21609.089018
-9686.398978,8200.955347,12691.808136
4251.281589,-4919.577552,6501.971889
17590.188200,7724.001679,19211.322777
4947.921570,19436.799484,20056.697187
-6448.097605,5456.449152,8446.940279
7593.138314,-7280.527961,10519.592998
19783.639549,5430.513069,20515.429949
6685.300100,16158.304398,17486.681745
-4459.184523,1714.751903,4777.520351
9407.090819,-10454.401488,14063.707482
20650.097450,2355.798852,20784.039861
6848.102097,12430.523351,14192.054577
-4020.654829,-2380.369655,4672.453847
9738.277739,-13817.892648,16904.680137
19905.886736,-665.331834,19917.002616
5520.559502,8733.404860,10331.937750
-5057.701270,-6059.663753,7893.026475
8627.331834,-16747.092757,18838.682820
17783.856355,-3181.065388,18066.120886
2867.382971,5882.353364,6544.002308
-7305.306076,-8987.816594,11582.242615
6379.721799,-18604.274758,19667.737275
14600.519799,-4520.638541,15284.349879
-578.966428,4153.595472,4193.752194
-10242.070428,-10491.693912,14662.047871
3561.054185,-19135.521728,19464.051447
11092.145929,-4542.222520,11986.137273
-4364.824647,3852.234562,5821.632530
-13230.084762,-10603.753857,16955.080026
714.070606,-18191.181666,18205.191217
7795.982495,-3146.101454,8406.860140
-7747.158001,4928.029892,9181.717471
-15680.878314,-9395.394629,18280.136348
-1443.665860,-16048.518586,16113.321195
5159.064938,-647.039927,5199.481868
-10169.144178,7011.519606,12352.040338
-17264.929959,-7201.914204,18706.826954
-2567.473145,-13082.725486,13332.277543
3681.056490,2591.469356,4501.765243
-11436.687944,9708.422054,15001.709566
-17573.256341,-4576.108881,18159.298195
-2403.374996,-9717.464169,10010.260798
3514.694604,6010.832880,6962.987151
-11321.035264,12365.053424,16764.855669
-16545.790025,-2015.806550,16668.132577
-1006.213014,-6721.042753,6795.945874
4534.487390,9031.762252,10106.151853
-10090.622291,14535.519996,17694.688462
-14406.485584,-82.276277,14406.720524
1392.817142,-4389.302222,4604.987903
6488.292776,11161.714100,12910.530771
-8024.885148,15807.995661,17728.268625
-11553.127497,840.261037,11583.643364
4376.221569,-3097.024130,5361.238074
8945.732399,12224.726898,15148.269733
-5562.517840,15851.431697,16799.091986
-8463.348275,593.488118,8484.131787
7456.992713,-2954.691472,8021.031232
11341.159067,12004.836904,16514.781200
-3230.092722,14823.171935,15171.022550
-5584.324795,-807.474631,5642.401855
10148.383026,-3965.443794,10895.614830
13236.817211,10741.621139,17046.869348
-1529.482834,12696.059824,12787.855676
-3440.579234,-3058.451931,4603.445849
11978.761921,-5789.962597,13304.676021
14217.254140,8758.710503,16698.662371
-707.749921,10016.248546,10041.222280
-2326.987337,-5806.926827,6255.818831
12841.001429,-7984.375831,15120.898621
14204.011996,6484.666347,15614.251645
-993.926841,7011.236520,7081.336604
-2292.564232,-8571.116383,8872.422826
12533.643842,-10139.591179,16121.524036
13082.331400,4333.992939,13781.541628
-2297.697039,4437.765115,4997.316370
-3228.630907,-10997.582718,11461.713798
11306.345166,-11791.791909,16336.456086
11071.667251,2778.465081,11414.976299
-4383.263756,2519.664043,5055.858784
-4830.682301,-12710.341486,13597.362692
9440.288856,-12636.121788,15773.098222
8462.960473,1992.816125,8694.424425
-6939.006558,1409.973878,7080.807747
-6925.560264,-13335.224979,15026.363839
7252.582512,-12507.921675,14458.494310
5761.004730,2320.714270,6210.868717
-9507.607507,1384.391871,9607.868721
-8855.951009,-13059.619116,15779.148257
5210.967197,-11385.012325,12520.889935
3270.976045,3564.357311,4837.760569
-11715.752339,2293.795816,11938.188813
-10333.348718,-11851.036149,15723.395102
3789.197464,-9393.693970,10129.141317
1409.674062,5475.500920,5654.050874
-13227.591504,3846.852952,13775.610862
-11013.806151,-9974.110210,14858.896339
3138.271348,-6950.537983,7626.186813
450.437203,7834.326437,7847.264771
-13777.413300,5694.581667,14907.896485
-10788.982713,-7946.211789,13399.419009
3353.091124,-4413.610501,5542.849244
381.897897,10243.470865,10250.587367
-13401.996503,7480.071738,15348.126383
-9699.297751,-6032.987808,11422.491793
4527.368860,-2061.664744,4974.688966
1177.624249,12256.161478,12312.607078
-12190.320106,8795.547002,15032.150590
-7847.075061,-4615.054850,9103.588209
6322.549410,-323.275011,6330.808619
2644.670163,13611.692105,13866.233888
-10463.273857,9475.393714,14116.061272
-5483.528491,-4034.277969,6807.678271
8553.319069,698.942739,8581.828945
4395.572345,14080.169281,14750.329597
-8458.876544,9169.372278,12475.174563
-3020.491701,-4257.638282,5220.235039
10726.943089,704.231683,10750.034897
6030.571795,13681.701007,14951.813891
-6694.738720,8088.110551,10499.383735
-810.304993,-5277.127818,5338.976698
12621.800383,-7.275608,12621.802480
7211.918774,12565.387207,14487.951134
-5250.449534,6290.598582,8193.830046
869.770879,-6933.857898,6988.196243
13885.577291,-1369.228756,13952.922421
7844.509634,10860.551618,13397.309911
-4681.380169,4020.302176,6170.749539
1838.648917,-8998.790599,9184.708057
14326.254315,-2926.767843,14622.158961
7629.485908,8898.728503,11721.622081
-4851.882705,1625.974730,5117.085070
1940.881212,-11094.929480,11263.413339
13870.881608,-4493.661745,14580.615641
6544.276939,7149.160489,9692.164689
-5778.524896,-469.502473,5797.566950
1345.023639,-12837.548873,12907.817385
12776.331172,-5732.977546,14003.630592
4828.267627,5804.548372,7550.162255
-7338.042793,-2210.647465,7663.800248
41.719681,-14045.361025,14045.422986
11164.522921,-6226.123018,12783.238240
2606.163478,5041.913002,5675.647522
-9254.425439,-3158.609284,9778.609452
-1497.741043,-14488.679686,14565.887109
9221.461411,-6045.449463,11026.459530
236.232477,5176.122176,5181.510066
-11216.774606,-3304.842945,11693.503301
-2989.557762,-14092.496279,14406.106587
7409.388469,-5041.107534,8961.685257
-1898.508944,6000.546061,6293.718236
-12976.311075,-2720.753499,13258.474600
-4138.301785,-12962.733503,13607.277521
5955.254385,-3325.226775,6820.717550
-3619.206362,7451.895575,8284.286472
-14091.483165,-1467.332282,14167.673126
-4759.863233,-11254.346407,12219.517628
5269.814566,-1174.549998,5399.121526
-4613.651134,9321.789037,10401.034931
-14471.999997,0.000000,14471.999997
-4613.651134,-9321.789037,10401.034931
5269.814566,1174.549998,5399.121526
-4759.863233,11254.346407,12219.517628
-14091.483165,1467.332282,14167.673126
-3619.206362,-7451.895575,8284.286472
5955.254385,3325.226775,6820.717550
-4138.301785,12962.733503,13607.277521
-12976.311075,2720.753499,13258.474600
-1898.508944,-6000.546061,6293.718236
7409.388469,5041.107534,8961.685257
-2989.557762,14092.496279,14406.106587
-11216.774606,3304.842945,11693.503301
236.232477,-5176.122176,5181.510066
9221.461411,6045.449463,11026.459530
-1497.741043,14488.679686,14565.887109
-9254.425439,3158.609284,9778.609452
2606.163478,-5041.913002,5675.647522
11164.522921,6226.123018,12783.238240
41.719681,14045.361025,14045.422986
-7338.042793,2210.647465,7663.800248
4828.267627,-5804.548372,7550.162255
12776.331172,5732.977546,14003.630592
1345.023639,12837.548873,12907.817385
-5778.524896,469.502473,5797.566950
6544.276939,-7149.160489,9692.164689
13870.881608,4493.661745,14580.615641
1940.881212,11094.929480,11263.413339
-4851.882705,-1625.974730,5117.085070
7629.485908,-8898.728503,11721.622081
14326.254315,2926.767843,14622.158961
1838.648917,8998.790599,9184.708057
-4681.380169,-4020.302176,6170.749539
7844.509634,-10860.551618,13397.309911
13885.577291,1369.228756,13952.922421
869.770879,6933.857898,6988.196243
-5250.449534,-6290.598582,8193.830046
7211.918774,-12565.387207,14487.951134
12621.800383,7.275608,12621.802480
-810.304993,5277.127818,5338.976698
-6694.738720,-8088.110551,10499.383735
6030.571795,-13681.701007,14951.813891
10726.943089,-704.231683,10750.034897
-3020.491701,4257.638282,5220.235039
-8458.876544,-9169.372278,12475.174563
4395.572345,-14080.169281,14750.329597
8553.319069,-698.942739,8581.828945
-5483.528491,4034.277969,6807.678271
-10463.273857,-9475.393714,14116.061272
2644.670163,-13611.692105,13866.233888
6322.549410,323.275011,6330.808619
-7847.075061,4615.054850,9103.588209
-12190.320106,-8795.547002,15032.150590
1177.624249,-12256.161478,12312.607078
4527.368860,2061.664744,4974.688966
-9699.297751,6032.987808,11422.491793
-13401.996503,-7480.071738,15348.126383
381.897897,-10243.470865,10250.587367
3353.091124,4413.610501,5542.849244
-10788.982713,7946.211789,13399.419009
-13777.413300,-5694.581667,14907.896485
450.437203,-7834.326437,7847.264771
3138.271348,6950.537983,7626.186813
-11013.806151,9974.110210,14858.896339
-13227.591504,-3846.852952,13775.610862
1409.674062,-5475.500920,5654.050874
3789.197464,9393.693970,10129.141317
-10333.348718,11851.036149,15723.395102
-11715.752339,-2293.795816,11938.188813
3270.976045,-3564.357311,4837.760569
5210.967197,11385.012325,12520.889935
-8855.951009,13059.619116,15779.148257
-9507.607507,-1384.391871,9607.868721
5761.004730,-2320.714270,6210.868717
7252.582512,12507.921675,14458.494310
-6925.560264,13335.224979,15026.363839
-6939.006558,-1409.973878,7080.807747
8462.960473,-1992.816125,8694.424425
9440.288856,12636.121788,15773.098222
-4830.682301,12710.341486,13597.362692
-4383.263756,-2519.664043,5055.858784
11071.667251,-2778.465081,11414.976299
11306.345166,11791.791909,16336.456086
-3228.630907,10997.582718,11461.713798
-2297.697039,-4437.765115,4997.316370
13082.331400,-4333.992939,13781.541628
12533.643842,10139.591179,16121.524036
-2292.564232,8571.116383,8872.422826
-993.926841,-7011.236520,7081.336604
14204.011996,-6484.666347,15614.251645
12841.001429,7984.375831,15120.898621
-2326.987337,5806.926827,6255.818831
-707.749921,-10016.248546,10041.222280
14217.254140,-8758.710503,16698.662371
11978.761921,5789.962597,13304.676021
-3440.579234,3058.451931,4603.445849
-1529.482834,-12696.059824,12787.855676
13236.817211,-10741.621139,17046.869348
10148.383026,3965.443794,10895.614830
-5584.324795,807.474631,5642.401855
-3230.092722,-14823.171935,15171.022550
11341.159067,-12004.836904,16514.781200
7456.992713,2954.691472,8021.031232
-8463.348275,-593.488118,8484.131787
-5562.517840,-15851.431697,16799.091986
8945.732399,-12224.726898,15148.269733
4376.221569,3097.024130,5361.238074
-11553.127497,-840.261037,11583.643364
-8024.885148,-15807.995661,17728.268625
6488.292776,-11161.714100,12910.530771
1392.817142,4389.302222,4604.987903
-14406.485584,82.276277,14406.720524
-10090.622291,-14535.519996,17694.688462
4534.487390,-9031.762252,10106.151853
-1006.213014,6721.042753,6795.945874
-16545.790025,2015.806550,16668.132577
-11321.035264,-12365.053424,16764.855669
3514.694604,-6010.832880,6962.987151
-2403.374996,9717.464169,10010.260798
-17573.256341,4576.108881,18159.298195
-11436.687944,-9708.422054,15001.709566
3681.056490,-2591.469356,4501.765243
-2567.473145,13082.725486,13332.277543
-17264.929959,7201.914204,18706.826954
-10169.144178,-7011.519606,12352.040338
5159.064938,647.039927,5199.481868
-1443.665860,16048.518586,16113.321195
-15680.878314,9395.394629,18280.136348
-7747.158001,-4928.029892,9181.717471
7795.982495,3146.101454,8406.860140
714.070606,18191.181666,18205.191217
-13230.084762,10603.753857,16955.080026
-4364.824647,-3852.234562,5821.632530
11092.145929,4542.222520,11986.137273
3561.054185,19135.521728,19464.051447
-10242.070428,10491.693912,14662.047871
-578.966428,-4153.595472,4193.752194
14600.519799,4520.638541,15284.349879
6379.721799,18604.274758,19667.737275
-7305.306076,8987.816594,11582.242615
2867.382971,-5882.353364,6544.002308
17783.856355,3181.065388,18066.120886
8627.331834,16747.092757,18838.682820
-5057.701270,6059.663753,7893.026475
5520.559502,-8733.404860,10331.937750
19905.886736,665.331834,19917.002616
9738.277739,13817.892648,16904.680137
-4020.654829,2380.369655,4672.453847
6848.102097,-12430.523351,14192.054577
20650.097450,-2355.798852,20784.039861
9407.090819,10454.401488,14063.707482
-4459.184523,-1714.751903,4777.520351
6685.300100,-16158.304398,17486.681745
19783.639549,-5430.513069,20515.429949
7593.138314,7280.527961,10519.592998
-6448.097605,-5456.449152,8446.940279
4947.921570,-19436.799484,20056.697187
17590.188200,-7724.001679,19211.322777
4251.281589,4919.577552,6501.971889
-9686.398978,-8200.955347,12691.808136
2238.573897,-21492.824735,21609.089018
14156.504104,-8836.386770,16687.969906
107.125560,3887.616930,3889.092604
-13692.918057,-9411.343346,16615.335943
-1195.911565,-22014.858061,22047.316842
10445.248722,-8305.331136,13344.727279
-4367.812907,4581.930608,6330.235200
-17768.733167,-9003.621435,19919.665592
-4474.607656,-20847.107791,21321.914007
6931.120280,-5944.174966,9130.916950
-8316.899688,6936.801608,10830.052491
-21087.696592,-6980.341543,22212.971787
-6902.840188,-18127.538654,19397.341578
4487.998127,-2163.886448,4982.422278
-11150.915874,10614.985131,15395.480966
-23107.142341,-3802.308118,23417.890046
-7763.057395,-14250.766722,16228.044006
3486.384939,2462.671421,4268.445908
-12313.320242,15002.575466,19408.635346
-23380.784120,47.619266,23380.832612
-6859.731758,-9955.481991,12089.976901
4517.507087,7383.092972,8655.514549
-11506.037470,19307.302047,22475.782759
-21650.905959,3581.501797,21945.133491
-4087.846573,-6295.904516,7506.590656
7259.601375,11626.891583,13707.166739
-9022.506883,22789.584933,24510.626509
-18343.805115,5987.617007,19296.288336
304.011469,-3637.345692,3650.028309
11474.403235,14388.319295,18403.414404
-5249.014020,24628.217186,25181.366721
-13923.167904,6669.120988,15437.997902
5544.516901,-3024.211163,6315.656801
16245.708844,15317.831667,22328.435298
-1121.831883,24446.541469,24472.267909
-9263.487341,5336.265917,10690.553384
10796.278867,-4334.510980,11633.899725
20869.031000,14184.164856,25233.053473
2616.980018,22254.834304,22408.173382
-5178.032546,1928.264515,5525.416282
15224.499643,-7620.861347,17025.360996
24388.637196,11140.119981,26812.457878
4989.333286,18274.549810,18943.405645
-2666.043099,-3081.819360,4074.971948
18044.423425,-12286.542568,21830.262138
26033.604333,6945.107741,26944.073116
5399.866599,13194.550625,14256.743158
-2110.542645,-8970.974948,9215.898316
18596.162855,-17488.067446,25527.431832
25429.126123,2293.825002,25532.373343
3552.415992,8073.131318,8820.153551
-3905.086457,-14682.828974,15193.260575
17021.776443,-22457.573294,28179.486715
22511.191431,-1606.667626,22568.454101
-588.362585,3690.935843,3737.536345
-7719.776578,-19267.130786,20756.138349
13393.188038,-25928.020363,29182.866990
17817.704285,-3998.064559,18260.753167
-6334.186655,1202.437178,6447.307636
-12962.888426,-22085.673409,25608.854841
8538.989719,-27228.682702,28536.213959
12016.272788,-4090.118397,12693.300604
-12825.949226,916.285553,12858.637282
-18769.768027,-22226.958729,29091.955695
3458.802779,-26106.858659,26334.984066
6328.240457,-1580.791412,6522.693368
-19045.740676,3255.014089,19321.887967
-23966.991382,-20049.429521,31247.340687
-666.994730,-22419.949625,22429.868995
1668.074677,3299.634975,3697.304978
-23869.005378,7762.379948,25099.481274
-27468.728290,-15695.053370,31636.462099
-2919.119744,-16798.835282,17050.575560
-806.828241,9877.278842,9910.177048
-26470.187785,13776.513559,29840.629471
-28436.334303,-10225.029576,30218.807693
-2601.543444,-10199.754829,10526.301671
-699.369248,17273.663233,17287.815329
-26217.723442,20163.087453,33074.448115
-26430.235679,-4552.538918,26819.451311
736.316207,-3861.009917,3930.592721
2311.735187,23926.718108,24038.135514
-23182.359208,25572.419540,34516.234145
-21889.859048,-175.439160,21890.562076
6631.451344,964.001002,6701.152502
7685.604827,28977.109862,29979.016286
-17979.012527,28816.308839,33965.048896
-15309.963221,1818.209123,15417.550332
14137.682001,3378.749774,14535.817913
14437.808650,31306.843901,34475.626081
-11632.254772,29346.914948,31568.192347
-7768.326177,823.652209,7811.868826
22267.656456,2718.849638,22433.026265
21454.756225,30375.847044,37188.689790
-5553.015659,26572.178948,27146.209255
-807.748251,-3344.724117,3440.877309
29584.057633,-1155.161387,29606.601694
27116.219579,26578.699316,37969.943660
-1043.236371,20873.297204,20899.351145
4417.047524,-10339.739183,11243.687794
34749.175077,-7480.541825,35545.234203
30271.266698,20305.631369,36450.901948
716.599666,13032.270693,13051.957497
6461.378769,-19136.952616,20198.325946
36693.776587,-15225.419290,39727.152336
30022.935356,13272.978032,32826.035296
-1079.988593,4411.426970,4541.702685
5164.634350,-28226.622493,28695.220252
35112.530603,-22738.703304,41832.265457
26114.620133,6483.684419,26907.462688
-6418.129428,-3328.709649,7229.985704
377.704044,-36077.353150,36079.330241
30100.143956,-28623.390990,41536.937513
19054.793640,1848.490814,19144.244016
-14695.633312,-8657.584026,17056.242248
-7058.819049,-41296.175673,41895.119663
22816.635056,-31570.571618,38952.533006
9797.114952,502.566542,9809.996662
-24953.260866,-10536.470772,27086.573135
-15746.285624,-42752.544833,45560.131701
14577.622215,-30407.971604,33721.681549
28.768707,3174.135992,3174.266362
-35159.822789,-8430.150206,36156.335144
-24178.319430,-40185.255340,46898.250257
7159.205200,-25075.109210,26077.103385
-8438.497031,9930.714063,13031.780920
-43720.722381,-2447.893446,43789.196702
-30319.948674,-33937.428974,45508.772483
2422.492240,-16364.380771,16542.715214
-14195.351414,20016.465827,24539.089347
-48947.562631,6445.930432,49370.172237
-32633.954598,-25174.541945,41215.683360
1642.747557,-5359.622895,5605.727170
-15628.558753,31762.388407,35399.169002
-49799.755639,16468.843764,52452.249491
-30404.807379,-15608.273993,34177.046812
5679.579967,5916.341523,8201.263660
-12388.842614,43313.564171,45050.507905
-45909.085265,25721.597547,52623.613429
-23429.718105,-7541.729725,24613.601478
14251.492061,15371.026910,20961.237898
-4839.268749,52660.710047,52882.595480
-38093.178732,32002.153236,49751.664069
-12559.406583,-2722.845550,12851.170437
26437.526055,21258.614268,33924.496525
5697.234024,57957.157140,58236.505212
-27545.847427,33725.006019,43544.801543
652.299254,-2818.931514,2893.418255
40309.960851,22111.892269,45976.393111
17282.933885,57856.443315,60382.678284
-16519.228461,29937.960667,34193.075290
13575.160015,-8610.837974,16075.804802
53506.471451,17580.333317,56320.605525
27492.359561,52623.042159,59371.831707
-7553.563205,20766.889221,22097.963821
24472.574030,-19496.086051,31289.043625
63947.601815,8060.449648,64453.600570
33931.512126,42513.515927,54394.361396
-2794.775410,7041.381205,7575.738833
30544.041626,-34423.337082,46020.697677
69056.562310,-4792.138298,69222.636381
34772.216090,29945.865726,45889.670798
-4138.919949,-8865.070930,9783.667050
30737.136354,-51125.365788,59653.789303
68077.806396,-18296.080787,70493.505345
28843.790683,16897.836069,33429.046124
-12254.061527,-24474.938027,27371.237008
24207.026509,-66590.200728,70853.616460
60568.248954,-29671.002129,67445.393828
16596.789065,7044.040320,18029.750727
-26413.221753,-36858.091540,45345.090091
12204.629483,-78283.928672,79229.580771
47878.031790,-36164.936246,60001.737823
-855.965001,2501.370907,2643.772399
-45115.148560,-43464.163221,62645.910594
-3374.694844,-83499.731485,83567.898881
32152.889335,-35720.580853,48060.047743
-20785.594104,5545.862442,21512.729080
-65691.168995,-42447.426491,78211.979260
-19480.416188,-80974.686446,83284.971393
16959.862291,-26881.457281,31784.425030
-39953.045326,16899.660147,43380.229874
-84370.477579,-33744.639764,90868.466476
-32600.764588,-70828.050800,77970.652375
5304.707318,-10038.589672,11353.994995
-54585.257905,35900.333958,65332.873493
-98105.799581,-18122.116651,99765.520213
-39193.040302,-54295.981402,66963.781289
1386.494550,12971.493781,13045.383017
-61995.213703,60253.819853,86451.890257
-103569.363442,1461.597870,103579.676154
-36557.017808,-34503.425341,50268.299268
6994.775401,38830.953831,39455.922982
-59814.294838,86655.073684,105294.119789
-99303.184234,21428.240489,101588.837426
-23224.168625,-15713.830079,28040.799990
23434.808230,63671.301449,67847.069686
-47744.636279,110783.798123,120634.158595
-85055.216934,37198.628989,92833.872732
767.699933,-2334.089245,2457.099060
50082.901957,82556.404380,96560.121026
-27011.180151,128099.613010,130916.441696
-63025.565219,43665.174363,76673.785112
32866.767789,1094.839001,32884.998059
84048.698776,91817.532387,124477.479970
-1071.400931,134599.060920,134603.324998
-37043.967070,37473.478730,52692.666514
69186.322804,-9074.657407,69778.912790
120915.494960,88580.650519,149890.255080
24901.806895,128212.614182,130608.477604
-12251.342503,16115.621409,20243.731043
104336.629103,-34509.192445,109895.480052
155334.981831,71646.122546,171061.753341
44588.543246,108544.742142,117346.066127
4620.161038,-20519.484556,21033.191257
132823.988197,-75130.440219,152600.114313
181177.756737,42641.326554,186128.080274
51421.409877,77392.786535,92918.269471
6870.337879,-70864.860525,71197.120727
148177.263092,-128354.374186,196039.145760
192908.083422,5763.906360,192994.174177
38628.381032,39535.511928,55273.940737
-11970.752514,-130147.240698,130696.607366
145845.348653,-189767.480695,239337.758101
186195.108568,-32028.584028,188929.745274
555.905808,3070.583460,3120.499006
-57179.581342,-193172.529323,201457.515639
123329.516847,-252616.632645,281114.447894
158477.492952,-61665.162755,170052.074583
-67751.839941,-22554.703630,71407.467895
-133956.481253,-252291.393681,285648.886214
79929.490755,-309721.301630,319868.735853
110108.535585,-70612.056033,130805.015446
-171207.802084,-23559.481281,172821.181146
-247955.792904,-300620.385250,389685.374709
17829.782401,-354554.686419,355002.713795
44093.035499,-41388.585324,60474.877219
-320399.551580,19497.955919,320992.278627
-411540.113554,-332111.072265,528831.759055
-58632.067034,-380989.472935,385474.639597
-35091.823671,57907.790224,67710.769137
-543688.367843,145323.179586,562775.148574
-664340.069314,-342477.058129,747421.074790
-143820.506102,-386074.689251,411992.722819
-121478.485533,315491.219713,338070.602335
-961180.220467,480908.075333,1074774.391739
-1192962.582098,-333251.463552,1238634.837329
-233869.547119,-373279.170925,440490.981198
-216129.014361,1272307.345750,1290533.894517
-2717909.980755,2139094.276934,3458722.161305
-5308353.336785,-361322.103208,5320636.128361
11132726.752418,11508937.670806,16012284.385887
-173513.468752,-5114262.433261,5117205.014468
2232052.547663,-2649290.571275,3464216.954316
1340643.732270,-185358.348120,1353396.961018
-320981.668824,-221429.434689,389949.004702
-289003.192881,-1194878.633737,1229332.255681
523299.312984,-967721.491404,1100148.651726
350197.833713,-125967.695767,372164.457081
-363562.926424,-153509.137210,394642.948343
-322837.616041,-683541.236572,755944.937430
168139.474196,-563142.314960,587707.537540
75361.769618,-48100.783661,89404.036312
-375190.165231,-73904.341827,382399.675505
-327741.506168,-434510.342767,544255.209287
28797.744306,-341698.463589,342909.827937
-36392.866609,31079.602166,47857.939894
-360237.640618,3800.053433,360257.682949
-306684.835997,-269101.899309,408009.094068
-23739.299176,-189448.434231,190929.996486
-74638.099404,101198.840636,125745.978977
-323200.616117,70716.171489,330846.513007
-265296.024304,-149797.248422,304665.712127
-28464.939505,-79586.486046,84523.733603
-70556.756693,156141.208285,171342.735007
-269906.407901,120716.549700,295672.038579
-208796.994581,-66277.313047,219063.614439
-4906.198947,-4331.285364,6544.526034
-42206.297000,190739.613009,195353.452688
-207486.015814,150080.111443,256075.158126
-145216.700065,-14269.443806,145916.095769
33077.675581,40124.729258,52001.216523
-2349.438706,203839.731835,203853.271097
-143663.908122,157760.293597,213372.042997
-82384.364359,9840.932898,82970.039479
74894.917264,57864.583724,94644.380084
38755.467180,196375.156522,200162.904494
-85543.663434,145687.190830,168945.186157
-27041.189699,10230.800317,28911.852508
111234.226219,53600.819747,123475.102592
73042.340321,172276.883574,187121.639832
-39441.264236,118419.692840,124815.211320
15764.341783,-6333.614029,16989.088808
136859.730685,33439.702637,140885.767896
95282.222966,136756.891485,166676.781173
-8735.247935,81112.033389,81581.042633
41993.273233,-33565.055947,53759.166452
148042.679156,4707.943558,148117.519505
102481.438955,96498.383297,140763.572380
5039.098734,40749.191580,41059.580252
51507.742303,-64087.677505,82220.909294
144089.334483,-25423.475888,146315.034901
95177.922715,57808.259151,111358.124079
2929.092076,3396.052489,4484.724395
46112.216261,-91106.704397,102111.547215
127084.458410,-51217.883971,137017.266094
75595.306114,26296.521887,80038.474310
-11307.325658,-25558.920465,27948.417288
29283.261760,-110184.934830,114009.777137
101144.246937,-67735.157699,121730.071375
48225.127046,5380.691711,48524.372452
-33226.640606,-43296.708393,54576.685532
6015.193489,-118212.675569,118365.616704
70809.281523,-72977.691763,101684.304811
17807.798148,-2842.738047,18033.270210
-57435.710655,-48253.227612,75014.897410
-18069.644510,-114323.697074,115742.903736
41670.622326,-66587.704454,78551.659114
-10186.943877,695.920780,10210.687112
-78957.841161,-41870.647730,89372.768907
-38363.977835,-100207.736982,107300.444297
17875.320479,-50246.511853,53331.407591
-31730.145089,13726.614186,34571.983518
-93562.401862,-26574.507293,97263.186664
-50979.254882,-78744.775725,93806.311794
2875.702600,-27875.067203,28023.009064
-44066.899873,32714.522163,54882.890091
-98929.328272,-6802.307950,99162.913359
-54091.446652,-54042.248288,76462.076881
-2021.395289,-3370.156767,3929.884928
-46205.474081,53015.033070,70324.530332
-94617.265613,13254.331011,95541.112840
-47553.258533,-30349.325880,56412.711143
2703.390608,19112.783373,19303.025904
-38892.020893,70360.757734,80394.188335
-81579.634678,29759.083462,86838.009206
-33179.886527,-11821.343209,35222.848057
15097.103680,35756.404139,38812.922802
-24865.126483,81667.422435,85368.860846
-62753.792849,39526.054779,74164.327835
-13810.438258,-731.293377,13829.786509
31903.285704,44410.245208,54681.711003
-7309.263136,84983.610543,85297.358626
-41631.211255,40920.356556,58374.937526
6918.487116,1678.654224,7119.223551
49305.332260,44379.709884,66336.825660
9964.064239,79844.437125,80463.760265
-22205.848741,34100.711214,40693.466597
25467.651178,-3908.938491,25765.889402
63659.497995,36695.300607,73478.410241
23486.134130,67643.216190,71604.491430
-6971.802579,20730.648190,21871.575288
38554.333336,-15729.733333,41639.658136
72503.087703,23345.532845,76168.967633
31005.933817,50578.467047,59325.789170
1080.807653,3298.656108,3471.206894
44512.086421,-30837.351452,54150.420886
74107.209727,7573.732917,74493.220925
30890.255187,32019.547191,44491.114482
1813.155367,-14606.133590,14718.242790
43060.838205,-46126.877463,63102.492910
68034.570935,-7558.363432,68453.135064
23757.874826,15366.932898,28294.509060
-4479.331979,-30095.441050,30426.961514
34758.035781,-58197.055308,67786.564288
56111.158401,-18738.730053,59157.434876
11137.713781,3066.277968,11552.087640
-15957.154131,-40469.788190,43502.120915
22019.779636,-64756.362383,68397.786253
40534.021955,-24225.313029,47221.528217
-4544.066747,-2923.315495,5403.176481
-29775.007770,-44360.560985,53426.683021
7484.926399,-64825.407990,65256.092775
24103.890758,-23023.874000,33333.111521
-20366.660991,-2105.470672,20475.201750
-43129.995562,-41461.812732,59827.071065
-5695.750815,-58451.453901,58728.306978
9718.681339,-15527.398263,18318.102079
-33564.368253,4724.020896,33895.179445
-53194.017999,-32956.879136,62576.029222
-15079.656748,-46762.728144,49133.988146
-409.695257,-3458.919481,3483.098359
-41756.207091,15902.605297,44681.916766
-58101.118004,-20716.415005,61683.950619
-18864.679060,-32177.053010,37299.314423
-4610.463272,11050.730849,11973.931012
-43854.947141,28592.562380,52352.564523
-56881.943305,-7362.864011,57356.492576
-16578.965682,-17291.425537,23955.281259
-2528.442818,25035.244242,25162.600767
-39948.686915,40272.311260,56725.273384
-49871.129039,4231.221373,50050.302156
-8920.379086,-4721.960224,10093.070465
4782.070437,36064.510530,36380.174786
-31175.491880,48737.788338,57855.711092
-38470.372867,12013.802724,40302.618332
2791.765981,3384.844080,4387.610596
15469.068253,42518.104150,45244.682042
-19363.226198,52107.359970,55588.771274
-24715.354845,14489.315592,28649.415900
16197.543799,5956.914205,17258.193763
27220.392462,43115.511431,50989.186027
-7155.524761,49810.486069,50321.824858
-11288.348694,11268.432643,15950.059263
28647.163726,3080.437656,28812.307886
37611.128320,38333.027380,53703.053560
3146.374593,42240.674566,42357.694235
-471.993099,3322.516582,3355.874540
38049.099413,-4537.739384,38318.729687
44473.957460,29346.125222,53283.467959
9510.598314,31051.838410,32475.654712
6141.750421,-8047.794735,10123.640566
42734.796338,-14892.322356,45255.321048
46426.332288,17940.226506,49772.040915
10757.256019,18187.854894,21130.939938
7421.959068,-20337.144184,21649.131853
42122.378111,-25785.168055,49387.950244
43222.325611,6656.041410,43731.822721
6800.228548,5935.642371,9026.348025
3598.432156,-31377.876610,31583.537714
36533.060961,-34939.964750,50551.614019
35406.671438,-2294.350011,35480.930431
-1473.357536,-3449.891059,3751.337195
-4143.511323,-39264.104364,39482.129851
27360.752409,-40443.254094,48828.962452
24326.015817,-7311.546337,25401.058154
-12284.910618,-8599.117811,14995.461181
-14158.878690,-42469.895665,44767.911315
16516.885242,-41264.376679,44447.230294
12201.268141,-7558.305034,14352.662444
-23692.176925,-8734.860501,25251.079886
-24230.539400,-40765.923961,47423.407681
6146.200103,-37179.245363,37683.843507
1159.079764,-2987.809207,3204.757363
-33539.332813,-4236.871954,33805.886019
-32152.472058,-34637.340285,47260.203147
-1761.008631,-28983.143368,29036.593307
-6996.871759,5301.313078,8778.390215
-39970.566890,3757.914095,40146.832202
-36572.633566,-25305.782194,44474.038926
-5597.059898,-18156.750706,18999.859887
-10767.973805,15860.090527,19170.073850
-41867.851413,13371.381703,43951.232413
-36258.768563,-14953.624399,39221.284787
-4919.593865,-6784.879278,8380.751196
-9835.665284,26449.799285,28219.358493
-39212.876106,22572.773278,45245.770476
-31443.298305,-5430.642677,31908.821479
296.145054,3237.674757,3251.190509
-4799.629704,34978.858893,35306.614320
-32585.839646,29532.186855,43977.119118
-22862.623000,1410.446218,22906.088470
8661.748271,10060.698662,13275.674773
3284.480930,40104.622226,40238.893360
-23208.810037,32691.927830,40092.530583
-12447.449737,4157.861746,13123.521603
18709.607111,12655.739848,22587.986837
12436.243794,40918.009647,42766.151021
-13291.364341,31511.996059,34200.383940
-1780.212193,2578.225847,3133.114101
28449.195295,10926.701108,30475.391876
20955.592759,37353.077026,42829.770385
-4623.979436,25999.808336,26407.787096
7179.467415,-3059.784894,7804.295994
35935.091275,5309.976203,36325.289156
26771.000139,30229.117196,40379.276552
1149.506980,17387.874575,17425.829924
12889.576390,-11479.000999,17260.030227
39837.662214,-2729.688795,39931.072257
28917.171732,21031.522067,35756.506281
3050.177238,7129.648445,7754.706192
14411.190028,-21004.892704,25473.278461
39573.275232,-11549.367691,41224.167750
26907.550082,11543.291415,29279.068088
630.155806,-2840.149469,2909.217308
11800.897974,-29934.535631,32176.662606
35195.336054,-19150.320245,40068.022730
20939.610012,3642.754661,21254.103815
-5404.679683,-10779.452680,12058.489232
5778.499489,-36262.958940,36720.474499
27767.888656,-24161.476416,36808.050519
12208.323302,-1120.989299,12259.680863
-13790.746969,-15365.427226,20646.574917
-2255.355887,-39138.663461,39203.591771
18652.969159,-25301.483479,31434.031315
2309.830752,-2033.852141,3077.640758
-22833.572265,-15912.629860,27831.345843
-10611.669993,-37918.125684,39375.014862
9742.288061,-22456.879029,24479.043943
-6967.902568,987.038536,7037.464832
-30901.702221,-12569.874196,33360.409731
-17486.652976,-32882.421956,37242.941693
2655.976522,-16074.088273,16292.038703
-13936.232574,7315.098435,15739.416872
-36341.980801,-6162.698998,36860.797976
-21499.584042,-25198.833354,33124.210426
-1233.146799,-7205.504115,7310.262689
-17392.384323,15584.719977,23353.340858
-38150.137043,1720.419005,38188.909358
-21745.911938,-16289.550201,27170.464328
-1386.971763,2235.057789,2630.432282
-17149.227279,24214.417695,29672.108462
-35953.622740,9708.108094,37241.245292
-18178.792737,-7888.034366,19816.397037
2298.227724,10722.657146,10966.185615
-13124.532811,31466.676790,34094.062675
-30357.993392,15817.807396,34231.722037
-11452.589503,-1656.403125,11571.753438
8948.823750,16735.779230,18978.086124
-6600.286502,35929.285537,36530.498779
-22457.509779,18940.186388,29378.059941
-2705.827776,1420.492917,3056.027500
17171.501638,19342.454805,25864.860843
1236.624251,36685.708178,36706.544703
-13798.242008,18283.426604,22905.789026
6370.178604,774.813573,6417.126422
25140.703861,18171.256512,31020.147547
8700.388626,33760.685978,34863.744492
-5986.563340,14147.093956,15361.614760
14168.774029,-3445.437706,14581.673377
31583.371936,13618.673386,34394.442104
14054.983938,27730.182972,31088.673518
-416.243970,7057.298022,7069.562534
19312.810617,-10245.147635,21862.015095
35056.178744,6746.067591,35699.371088
16304.042455,19681.640297,25557.557887
1746.546280,-1583.159102,2357.290107
20908.811197,-18193.559527,27716.132377
34946.956420,-798.473246,34956.077047
15011.921543,11248.705847,18758.762529
350.297413,-10223.280173,10229.279827
18960.359749,-25676.506833,31918.305797
31288.459988,-7752.876034,32234.683421
10258.089895,3991.949725,11007.455242
-4360.403440,-17241.254722,17784.093526
13892.769117,-31297.651295,34242.546785
24836.443805,-12338.870073,27732.591937
2929.824081,-788.819914,3034.156555
-11247.488193,-21440.288091,24211.401118
6916.926280,-33847.760915,34547.283368
16759.939489,-13791.952126,21705.149507
-5505.663967,-2158.863106,5913.799593
-18898.236622,-22245.379873,29189.043717
-544.650214,-32924.198089,32928.702733
8600.892567,-11756.415842,14566.697169
-13644.221692,-17.240707,13644.232584
-25872.620723,-19484.314914,32388.748521
-6799.079533,-28598.926824,29396.021805
1986.539872,-6527.951231,6823.524598
-19968.962689,5048.147257,20597.166349
-30598.785728,-13972.370447,33637.967001
-10733.904059,-21773.646653,24275.674757
-1954.810302,934.744905,2166.802104
-23229.677980,12011.790647,26151.501938
-32313.700688,-6974.961207,33057.908827
-11361.696354,-13742.805483,17831.232335
-2601.438261,9183.774727,9545.113895
-23132.483574,19383.973354,30180.295215
-30566.747289,94.195259,30566.892426
-8665.317932,-5917.996231,10493.350954
120.082122,16729.729127,16730.160082
-19774.263916,25690.688619,32419.639035
-25594.665318,5917.265407,26269.772032
-3029.919237,-15.220825,3029.957468
5484.047416,22169.726291,22837.940798
-13921.282859,29712.946364,32812.517399
-18582.894288,9075.726666,20680.734384
4490.477083,3242.157235,5538.588987
12494.066113,24639.583399,27626.269348
-6865.045254,30491.272300,31254.544195
-10694.654774,9021.587778,13991.593433
12492.709871,3115.433970,12875.314704
19502.882745,23760.751430,30739.807155
-72.788538,27998.731624,27998.826239
-3355.261685,5672.180855,6590.251636
19434.025821,-112.655321,19434.352339
25229.455715,19826.481807,32087.611574
5123.761721,22548.856681,23123.664757
1986.226627,-301.629667,2008.998922
24125.520902,-5782.811230,24808.902928
28436.277808,13637.343338,31537.264132
7548.954016,15316.858130,17076.090001
4501.835113,-7830.156949,9032.047234
25695.362073,-12725.209060,28673.726261
28438.804999,6634.574069,29202.452001
6756.869902,7514.781428,10105.801838
3658.771200,-15421.098304,15849.191764
24040.095914,-19376.736713,30876.919167
25218.355737,224.060254,25219.351084
2941.992425,692.189643,3022.324590
-141.973799,-21769.853987,21770.316929
19589.788976,-24436.210940,31319.135321
19377.755606,-4359.539935,19862.099606
-3334.886658,-4033.193071,5233.365587
-6055.976971,-25598.764804,26305.353382
13213.663443,-26863.388580,29937.310293
12040.229701,-6129.261875,13510.550780
-10797.036619,-5706.061141,12212.089645
-12834.864673,-26430.941994,29382.451325
6324.065023,-26147.845150,26901.739802
4421.190413,-4695.991844,6449.749148
-18070.961568,-4181.765076,18548.498892
-19069.394634,-24097.411256,30729.904668
251.878394,-22256.991793,22258.416979
-1909.818236,-269.049164,1928.676527
-23682.491545,59.042002,23682.565143
-23458.657759,-19111.482602,30258.178912
-3664.997780,-16113.192069,16524.744095
-5845.857613,6193.438617,8516.615122
-26864.611281,6072.869676,27542.459683
-25113.373715,-12614.422354,28103.472929
-4716.888636,-8613.125126,9820.130490
-6867.092887,13480.052905,15128.410063
-26840.645683,12754.529255,29716.969516
-23592.450189,-5887.711333,24316.020453
-2627.812271,-1364.383920,2960.902027
-4789.497391,20313.235886,20870.238078
-23815.643813,18489.185286,30150.205020
-19176.135669,-278.267808,19178.154556
2166.128415,4404.670481,4908.485954
-174.859561,25305.498241,25306.102369
-18476.104426,22226.036071,28902.648913
-12718.326505,3065.652293,13082.585871
8813.208537,7742.983503,11731.429506
5949.637181,27702.615092,28334.308983
-11768.573929,23051.030484,25881.447771
-5269.713069,3489.262202,6320.191971
15904.393036,8024.566287,17814.134330
12466.029397,26863.400651,29614.931765
-5286.989482,20886.628623,21545.382638
1683.682792,720.778237,1831.477275
22190.320863,5390.208692,22835.601366
17686.772140,23224.060552,29192.103338
-135.063036,15982.119070,15982.689760
6893.465060,-4394.483540,8175.044105
26536.833762,357.383602,26539.240177
20701.619578,17485.386395,27097.892732
2519.014553,9264.587262,9600.938051
9511.867514,-10984.035223,14530.129159
28108.811050,-5887.447312,28718.762064
20876.044093,10813.240985,23510.325340
2248.336155,1937.614439,2968.057476
9082.899910,-17931.597289,20100.777401
26548.607867,-11960.462093,29118.400250
18104.766979,4581.319251,18675.413608
-949.370189,-4654.297559,4750.135738
5902.211154,-23730.596861,24453.574869
22346.898273,-16752.113564,27928.787501
12689.864125,-36.084097,12689.915428
-6349.969367,-9258.586305,11226.911032
575.319530,-27367.767716,27373.814172
16282.631115,-19125.561421,25117.945292
5830.016250,-2075.888518,6188.570321
-13080.052602,-11116.535898,17165.813306
-5644.264987,-28101.488516,28662.717667
9744.645806,-18554.339373,20957.615119
-1367.644856,-1146.436943,1784.592423
-19654.943602,-10100.952503,22098.553108
-11413.740039,-25880.804766,28285.853655
3744.463340,-15077.702766,15535.704889
-7446.339748,2468.598358,7844.867972
-24875.200563,-6360.757811,25675.568990
-15630.574369,-21172.766389,26317.311635
-324.366656,-9381.790729,9387.396392
-11420.518827,8164.022221,14038.500956
-27763.943701,-816.282413,27775.940791
-17305.068378,-14959.546993,22874.733612
-1759.058433,-2437.335069,3005.809177
-12592.623498,14778.568047,19415.978988
-27806.192897,5316.942532,28309.967172
-16058.381167,-8424.667191,18134.128680
-291.343322,4476.010253,4485.481994
-10907.545303,21044.135141,23702.956954
-24940.992018,10796.368267,27177.465860
-12083.301924,-2832.176243,12410.777883
3847.690292,10102.116351,10810.063615
-6754.514524,25711.819700,26584.227255
-19767.375821,14389.921484,24450.337158
-6089.058820,706.770054,6129.939741
9761.501737,13421.250027,16595.688249
-1071.968258,27844.362792,27864.989776
-13396.474936,15443.691880,20444.391886
870.699667,1479.608853,1716.787776
16282.934568,13975.090521,21457.798424
4964.864345,27113.898444,27564.712348
-6991.288935,13570.596794,15265.622107
7573.753961,-607.930216,7598.113463
22092.381352,11647.219726,24974.607928
10031.459957,23609.769004,25652.512183
-1809.927480,9090.453431,9268.882406
12612.473415,-5098.855400,13604.146869
26127.604479,7072.595547,27067.939034
13058.088281,18126.106830,22339.861646
1140.613778,2824.842312,3046.429694
15285.659796,-11066.506859,18871.114685
27572.876563,1212.839570,27599.538072
13454.989086,11618.529578,17777.147152
1234.668239,-4044.226488,4228.495424
15114.163116,-17436.217139,23075.086020
26201.619471,-4583.765490,26599.544526
10939.661201,5436.003076,12215.822388
-1307.102745,-10413.134008,10494.850044
12238.417783,-22830.508479,25903.879772
22117.705186,-9255.780154,23976.287222
6070.492740,697.577359,6110.441578
-6174.748692,-14957.134119,16181.575401
7282.373758,-26246.193975,27237.761761
16277.625023,-11717.842252,20056.642377
-459.298074,-1603.658677,1668.135448
-12242.505604,-16908.985746,20875.649509
1391.487758,-26911.822187,26947.771923
9792.616125,-11382.454521,15015.179036
-7178.940580,-1156.506306,7271.498792
-18345.306378,-16099.891884,24408.129481
-4221.988443,-24839.361913,25195.616417
3823.770730,-8339.417160,9174.262977
-13098.358786,1953.676766,13243.256993
-23276.985076,-12657.549524,26495.878815
-8382.553478,-20323.731554,21984.568840
-432.487589,-3009.459586,3040.377035
-17003.462705,7080.030737,18418.593301
-26015.445315,-7456.269540,27062.877719
-10205.501605,-14224.796338,17507.058401
-2141.977685,3554.734017,4150.205095
-18306.253313,13120.627045,22522.650031
-26023.069017,-1550.324368,26069.208402
-9246.268826,-7762.451760,12072.661038
-1113.251949,10120.326309,10181.371936
-16851.780996,18954.098025,25362.183555
-23262.377980,3774.629533,23566.630166
-5689.487746,-2121.612136,6072.191438
2424.278748,15571.923742,15759.503053
-12935.499423,23341.748433,26686.407875
-18309.089067,7496.944864,19784.512244
-78.997116,1580.978773,1582.951176
7795.917449,18872.023853,20418.854355
-7538.105882,25453.211084,26545.978882
-12038.307394,8683.197741,14843.138749
6530.717935,2732.156362,7079.191701
13765.416961,19568.099761,23924.824605
-1643.983057,24745.097498,24799.647790
-5634.414045,7155.625807,9107.667227
12871.037342,1165.108464,12923.663567
19293.864725,17437.616382,26006.223892
3405.656212,21416.952235,21686.040148
-327.857913,3096.832922,3114.139521
17824.719513,-2867.914151,18053.962371
23164.906607,13099.221319,26612.074276
6505.487679,16003.396118,17275.128284
2856.559840,-2734.762808,3954.600073
20485.113199,-8353.121259,22122.714516
24575.929300,7456.059608,25682.077911
7130.131904,9651.113907,11999.282504
3415.180495,-9329.691554,9935.119642
20465.688808,-14282.440991,24956.613133
23183.177220,1703.895212,23245.708526
5070.297096,3371.655354,6089.004226
1166.921944,-15377.210665,15421.423885
17792.411881,-19397.128059,26321.445581
19275.173668,-2971.660036,19502.899357
519.515682,-1448.983370,1539.301579
-3108.277587,-19797.774634,20040.291166
13076.250431,-22658.137201,26160.648057
13538.574814,-5619.831897,14658.632902
-5499.878103,-4055.715931,6833.556238
-8729.184376,-21812.648983,23494.474149
7290.605228,-23379.587006,24489.957395
7159.470539,-5621.884595,9102.944842
-11981.059575,-4023.757769,12638.687238
-14515.720731,-21140.073062,25643.884991
1725.298074,-21367.610732,21437.150973
1107.842725,-2934.861209,3136.993117
-17669.564144,-1422.919830,17726.765015
-19221.538195,-17850.013060,26231.479120
-2560.382837,-16952.104528,17144.369577
-3327.484019,1889.550967,3826.558866
-21513.145538,3284.941187,21762.496859
-21875.975489,-12811.374166,25351.323666
-4690.694098,-11014.711065,11971.903398
-5390.471994,8089.585031,9721.037716
-22907.676024,9003.126838,24613.368597
-21901.333579,-6927.463148,22970.811004
-4104.158714,-4561.608915,6136.154712
-4719.559381,14420.229771,15172.912291
-21490.104489,14574.340624,25966.054679
-19285.763442,-1613.171129,19353.113255
-940.191705,1206.367094,1529.471152
-1554.827512,19664.769190,19726.140928
-17782.115686,18836.301465,25903.858615
-14419.827192,2265.065593,14596.641339
4296.297734,5156.328313,6711.623939
3371.920519,22932.368414,23178.942362
-12388.739285,20841.899524,24245.940626
-8242.426826,3789.609939,9071.865490
10461.901300,6596.945154,12368.147161
9128.915866,23645.297441,25346.344824
-6537.573959,20240.785784,21270.385103
-1885.774039,2607.268169,3217.761805
16592.391006,5371.628438,17440.235990
14394.976113,21670.376581,26015.775184
-1398.956711,17025.269190,17082.648239
3549.772302,-1007.251874,3689.910532
21430.581647,1752.905211,21502.151204
18174.385965,17417.181227,25172.733405
1968.985910,11780.032797,11943.453362
6986.839429,-6487.426955,9534.287267
24103.731583,-3417.555436,24344.805635
19569.726886,11827.415088,22866.174976
2943.004844,5426.009221,6172.750892
7844.789897,-12718.672594,14943.405270
24114.764135,-9090.794791,25771.387219
18337.050115,6001.672435,19294.234344
1247.407597,-851.596784,1510.378362
6017.713414,-18610.911620,19559.624385
21476.230805,-14095.579298,25688.788319
14566.580336,1205.368657,14616.366727
-2876.118611,-5905.505429,6568.641612
2050.702676,-22939.555862,23031.035682
16768.233129,-17296.559600,24090.342801
8965.034614,-1774.991497,9139.061246
-8564.233571,-8741.993789,12237.996244
-3359.527399,-24909.403927,25134.932431
11073.843115,-18145.767271,21257.913143
2508.603266,-2103.277342,3273.662463
-14798.439539,-9034.945647,17338.513651
-8924.433900,-24256.474336,25846.122875
5326.559417,-16180.586458,17034.776587
-3568.172450,150.529340,3571.346205
-20266.462313,-6676.396386,21337.848143
-13545.030966,-21101.819541,25074.980594
805.043850,-11893.003345,11920.219132
-8166.610527,4573.577341,9360.082115
-24122.777893,-2290.488696,24231.276313
-16252.938426,-15994.906872,22803.400038
-1607.221472,-5976.975689,6189.297153
-10455.735604,10471.354439,14797.691401
-25436.276516,3195.623075,25636.227683
-16380.564304,-10104.931743,19246.623923
-1378.430483,472.387798,1457.127595
-10158.777007,16494.203520,19371.615835
-24106.351556,8659.139494,25614.388185
-13874.906014,-4494.250144,14584.625510
1361.667232,6282.267435,6428.142949
-7257.577203,21699.464633,22880.978830
-20319.282892,12887.742309,24061.736410
-9128.365711,-381.358083,9136.328285
6231.849231,10375.846208,12103.475921
-2605.745210,24891.608376,25027.626249
-14920.292404,15012.268964,21165.617044
-3003.509462,1524.565913,3368.288929
12169.954130,12082.083875,17148.893092
2983.313547,25549.894341,25723.476836
-8950.537944,14533.627822,17068.639874
3355.485595,738.264544,3435.741276
18050.428507,11187.394173,21236.189810
8310.490931,23601.685918,25022.067015
-3592.624236,11413.299754,11965.381739
8888.648165,-2517.609959,9238.312947
22769.418849,7833.123568,24079.124975
12099.019178,19342.178897,22814.603865
147.783777,6296.552701,6298.286748
12537.611260,-7643.867931,14684.018968
25402.490110,2784.632746,25554.660697
13622.121093,13656.344677,19288.803307
